竞品,外链网站,外链页面,DR,类型,是否有Submit,Submit地址,免费/收费,我们能否复制
DeeVid AI,https://zapier.com/,https://zapier.com/blog/best-ai-video-generator/,91,blog,无,,,
DeeVid AI,https://topai.tools/,https://topai.tools/s/kiara-advani-deepfake,65,Best AI tools,yes,https://topai.tools/submit,收费,maybe，如果付费的话
DeeVid AI,https://www.aixploria.com/,https://www.aixploria.com/en/ultimate-list-ai/,58,Best AI tools,yes,https://www.aixploria.com/en/featured-on-aixploria/#submit,收费,maybe，如果付费的话
DeeVid AI,https://aitools.aiting.com/,https://aitools.aiting.com/ai/deevid,38,Best AI tools,NO,,,
Magic Hour,https://www.rundown.ai/,https://www.rundown.ai/tools/magic-hour,50,Best AI tools,NO,,,
Magic Hour,https://aitools.aiting.com/,https://aitools.aiting.com/ai/magic-hour,38,Best AI tools,,,,
Magic Hour,https://www.ycombinator.com/,https://www.ycombinator.com/companies/magic-hour,91,Startup公司官网,NO,,,
Magic Hour,https://www.producthunt.com/,https://www.producthunt.com/products/magic-hour-2,91,Product launch,YES,https://www.producthunt.com/posts/new?ref=header,免费,能
Magic Hour,https://www.eesel.ai/,https://www.eesel.ai/blog/magic-hour-ai,73,Review,NO,,,
LEONARDO.AI,https://en.softonic.com/,https://leonardo-ai.en.softonic.com/web-apps,86,Product launch,YES,https://publishing-center.softonic.com/home?utm_campaign=navbar&utm_source=softonic&utm_medium=homepage,免费,能
LEONARDO.AI,https://saitebi.info/,https://leonardo.ai/,29,Product Launch,YES,https://saitebi.info/add.html,免费,能
LEONARDO.AI,https://en.uptodown.com/,https://leonardo-ai.en.uptodown.com/android,83,APP Launch,YES,https://en.uptodown.com/developers-console,免费,"Maybe,如果做成可上架的应用的话"
A2E,https://creati.ai/de/,https://creati.ai/de/ai-tools/spicychat-ai/,51,Product Launch,YES,https://creati.ai/de/submit-ai/submit-your-ai/,收费,maybe，如果付费的话
A2E,https://topai.tools/,https://topai.tools/alternatives/popvid-ai,65,Product Launch,YES,https://topai.tools/submit,收费,maybe，如果付费的话
A2E,https://topaitools.net/,https://topaitools.net/product/a2e-free-uncensored-ai-videos,26,Product Launch,YES,https://topaitools.net/submit,收费,maybe，如果付费的话
A2E,https://aiextension.ai/,https://aiextension.ai/item/a2e-free-and-uncensored-ai-videos,49,Product Launch,YES,https://aiextension.ai/submit,收费,maybe，如果付费的话
A2E,https://toolspedia.io/,https://toolspedia.io/ai-tool/a2e/,18,Product Launch,YES,https://toolspedia.io/submit-tool/,收费,maybe，如果付费的话
A2E,https://www.toolify.ai/,https://www.toolify.ai/search/Denude%20free?r=search-handle,73,Product Launch,YES,https://www.toolify.ai/submit,收费,maybe，如果付费的话
"未知","https://theresanaiforthat.com","未知","DA 77（BestAITools 2026-05统计）；月访问量：约487万/月（BestAITools 2026-05；SubmitAI聚合显示约620万）","AI目录","YES","https://free.theresanaiforthat.com/launch/（curl 200 实测；/submit 路径对爬虫返回403）","付费；价格：$49 一次性审核费=基础永久收录；$347 一次性=最大曝光包含newsletter推荐（官方launch页2026-08实查价格）","能；优先级：高；提交方式：在线表单（Launch 页直接下单）；要求：填产品URL/名称/描述；编辑审核制；无需反向链接；未强制注册账号；理由：全球流量最大的AI目录；$49一次性永久收录性价比极高；DA77外链权重高；AI视频品类相关性强；建议优先投基础包"
"Runway（Generative Video分类）","https://futuretools.io","https://futuretools.io/tools/runway（curl 200实测）","DA 69（BestAITools 2026-05统计）；月访问量：约44.7万/月（BestAITools 2026-05统计）","AI目录","YES","https://futuretools.io/submit-a-tool（curl 200实测）","免费 + 付费升级；价格：免费收录（BestAITools 2026-05统计）；另有付费推荐位（页面未公示价格）","能；优先级：高；提交方式：注册账号后在线提交；要求：账号注册；提交工具名/URL/描述/分类；人工审核；理由：免费收录+DA69高权重+Runway已在视频分类；Matt Wolfe旗下站流量稳定；零成本必投，外链价值好"
"Runway","https://aitoptools.com","https://aitoptools.com/tool/runwayml/ （curl 200；另收录Pika/Sora相关页）","DA54（BestAITools 2026-05 统计）；月访问量：179K（BestAITools 2026-05 统计）","AI目录","YES","https://aitoptools.com/claim-your-tool/ （curl 200）","付费；价格：Instant Launch $59一次性（原价$69）；AI Authority套餐$299；亦可$9.99/月（2026-08实查）","能；优先级：高；提交方式：在线三步表单（输入产品URL自动生成Listing，留邮箱，结账后发布）；要求：需产品URL/名称/分类/标语/描述/邮箱；宣称DR54+ dofollow外链与首页New Tools曝光；无需注册账号；理由：流量与DA较高且提供dofollow外链，视频类竞品收录丰富；虽为付费但$59一次性可接受"
"Kling AI","https://aipure.ai","https://aipure.ai/products/kling-ai （curl 200；HeyGen/Synthesia详情页同为200）","DA56（BestAITools 2026-05 统计）；月访问量：177K（BestAITools 2026-05 统计）","AI目录","YES","https://aipure.ai/submit （curl 200）","付费；价格：$69.90一次性（Launch价，原价$89.90，2026-08实查）","能；优先级：高；提交方式：在线表单（产品名/URL/姓名/邮箱，不通过可退款）；要求：需产品上线、名称/URL/联系邮箱；付费后快速审核；提供14语言产品页与至少10条外链；理由：月访177K、多语言SEO页与外链打包，视频大厂收录齐全；一次性付费性价比尚可"
"InVideo","https://dang.ai","https://dang.ai/tool/ai-video-editor-invideo （curl 200）","DA80（BestAITools 2026-05 统计）；月访问量：174K（BestAITools 2026-05 统计）","AI目录","YES","https://dang.ai/submit （跳转邮箱魔法链接登录，登录后提交；curl 200）","免费 + 付费升级；价格：基础收录免费；付费推广价格需登录后查看，未知（BestAITools种子标注免费）","能；优先级：高；提交方式：注册账号（邮箱免密登录）后在线提交；要求：需邮箱注册并管理listing；产品上线、Logo描述等常规资料；推广位另付费；理由：本批最高DA80且流量174K，免费收录即可获高权重外链，优先提交"
"HeyGen","https://aivalley.ai","https://aivalley.ai/heygen/ （curl 200；另收录InVideo）","DA31（BestAITools 2026-05 统计）；月访问量：145K（BestAITools 2026-05 统计）","AI目录","YES","https://aivalley.ai/submit-tool/ （curl 200；注意/submit跳转到提示词提交页）","免费；价格：未知（页面无付费门槛，BestAITools种子标注免费）","能；优先级：高；提交方式：在线表单（姓名/邮箱/工具名/URL/描述，无需注册）；要求：留联系人邮箱与工具资料即可；1780+工具规模；审核后上线；理由：免费、表单简单、月访145K，零成本获取收录与流量，值得立即提交"
"HeyGen","https://aitools.inc","https://aitools.inc/tools/heygen （curl 200；Runway/Kling/CapCut/Pika/OpusClip均收录）","DA70（BestAITools 2026-05 统计）；月访问量：109K（BestAITools 2026-05 统计）","AI目录","YES","https://aitools.inc/submit （curl 200）","免费 + 付费升级；价格：免费排队$0（30-90天、不保证位置）；Fast Lane $129一次性（24-48小时，不达标退款，2026-08实查）","能；优先级：高；提交方式：注册账号后在线提交；要求：需注册；免费档排队久；付费档保证收录并加Verified标识；理由：DA70、视频竞品覆盖最全，可先走免费排队，$129快速通道价格合理"
"HeyGen","https://app.aibase.com","https://app.aibase.com/tool/heygen （curl 200；视频榜含InVideo/VEED/CapCut）","DA71（BestAITools 2026-05 统计）；月访问量：36K（BestAITools 2026-05 统计）","AI目录（中文）","YES","https://app.aibase.com/submit （curl 200，需Join登录）","付费；价格：$39（BestAITools 2026-05 统计，登录后支付）","能；优先级：高；提交方式：注册账号后在线提交（中英多语言站）；要求：需注册账号；产品上线、资料完整；面向中文用户另有www.aibase.com内容生态；理由：DA71且为少有的中文AI目录，适合中文市场与GEO曝光，$39定价合理"
"HeyGen、CapCut","https://navtools.ai","https://navtools.ai/tool/heygen（实测200）","DA34（BestAITools 2026-05）；月访问量：月访问约24K（BestAITools）","AI目录","YES","https://navtools.ai/submit（实测200）","免费 + 付费升级；价格：免费档0元（30-90天审核）；Fast Track $29.90一次性（48h审核+首页7天）；Growth Pro $149一次性","能；优先级：高；提交方式：在线表单（可Quick Submit由平台代写内容）；要求：工具名称、官网URL、联系邮箱；无需反链、无需注册；理由：免费可提交、无需反链、月访24K；已收录HeyGen/CapCut证明视频工具可过审；$29.9加速可选"
"设视频分类但未核验到HeyGen等头部工具详情页（/ai-tools/heygen跳转后404）","https://dokeyai.com","https://dokeyai.com/en/category/video（视频分类页，实测200）","DA57（BestAITools 2026-05）；月访问量：月访问约2.6K（BestAITools）","AI目录","YES","https://dokeyai.com/submit（实测200）","免费 + 付费升级；价格：免费档0元（48h审核）；另售Submit Pack付费包，价格未在提交页公示","能；优先级：高；提交方式：在线表单（URL提交）；要求：免费档须在自己网站页脚添加DokeyAI反链；同时收录进其开源仓库；无需登录；理由：DA57高权重且免费，代价仅为一条反链；流量小但外链权重价值高"
"HeyGen、Runway（均实测200）","https://aitoolboard.com","https://aitoolboard.com/tools/heygen（实测200；另/tools/runway 200）","DA12（BestAITools 2026-05）；月访问量：月访问约25.5K（BestAITools）","AI目录","YES","https://aitoolboard.com/submit-ai-tool（实测200）","免费 + 付费升级；价格：免费（付费档价格未核实）","能；优先级：高；提交方式：在线表单；要求：提交工具信息；具体要求见表单；理由：月访25.5K为本批前列、免费提交、HeyGen/Runway均已收录证明视频类目活跃，优先提交"
"HeyGen","https://aitooltrek.com","https://aitooltrek.com/ai-tools/heygen（308跳转后实测200）","DA52（BestAITools 2026-05）；月访问量：月访问约2.4K（BestAITools）","AI目录","YES","https://aitooltrek.com/submit（实测200）","免费 + 付费升级；价格：免费档0元（须首页反链，72h审核、15天内上线，撤反链即下架）；Fast Track $19.90一次性（24h上线、dofollow、无反链）；Unlimited $39.90/月","能；优先级：高；提交方式：在线表单；要求：免费档须首页挂 partner 反链；付费档无反链要求；理由：DA52高权重；$19.9一次性即可免反链快速收录，性价比高"
"即梦AI、可灵AI（另有Seko、updream等视频工具）","https://ai-bot.cn","https://ai-bot.cn/sites/17772.html（即梦AI，实测200；可灵 /sites/13002.html）","未知（中文头部AI导航，千+工具）；月访问量：未知","AI目录（中文）","YES","未找到公开提交表单；邮箱 info@ai-bot.cn；微信公众号AI工具集；关于页 https://ai-bot.cn/about-us/（实测200）","未知","能；优先级：高；提交方式：邮件/公众号联系编辑投稿；要求：邮件提供工具信息；具体要求未公示；理由：中文最知名AI工具导航之一、AI视频分类丰富、已收录即梦/可灵，邮件投稿即可，值得争取"
"即梦、可灵、Runway、海螺AI（导航外链形式）","https://www.aigc.cn","https://www.aigc.cn/favorites/ai-video-generation（AIGC视频创作分类，实测200）","未知；月访问量：未知","AI目录（中文）","YES","https://www.aigc.cn/submit（网页表单，实测200）","未知；价格：未知（提交表单费用未公示）","能；优先级：高；提交方式：在线表单提交；要求：按表单填写网站信息；具体要求见表单；理由：有公开提交表单、含AI视频创作分类且已收录Runway/可灵/海螺/即梦，相关性高，建议立即提交"
"Loomi（AI视频生成）等视频产品；未见解梦/可灵/Runway","https://ai.36kr.com","https://36aidianping.com/product-detail/14990（实测200）","未知（36氪媒体域权重高）；月访问量：未知","Media（中文）","YES","产品入驻表单 https://36kr.com/mform/3828611891059337（实测200；产品库已品牌化为36AI点评 36aidianping.com）","未知；价格：未知（媒体入驻未公示费用）","能；优先级：高；提交方式：表单报名入驻；要求：按表单提交产品资料，媒体审核；理由：36氪旗下媒体产品库，中文媒体背书价值高、利于PR与信任状，建议填表入驻"
"Omnify AI、纳逗Pro、JoyPix AI等视频类工具（未见即梦/可灵/Runway直链）","https://www.waytoagi.com/zh","https://www.waytoagi.com/zh/sites（工具站库，实测200）","DA54（BestAITools 2026-05）；月访问量：月访问约223K（种子数据）","AI目录（中文）","YES","未找到公开自助提交表单；飞书知识库/飞书社群投稿（官网多处waytoagi.feishu.cn/wiki链接）+ 邮箱 contact@waytoagi.com（官网Cloudflare加密邮箱解码所得）","免费；价格：免费（社区项目）","能；优先级：高；提交方式：飞书社群/飞书知识库投稿或邮件联系编辑（社区开源志愿项目）；要求：原创内容/工具推荐，经社区编辑审核收录；理由：DA54、月访223K为中文站最高一档，中文AI圈权威社区；免费但需走飞书/邮件人工推荐，建议认真准备材料投稿"
"HeyGen；Synthesia（HeyGen 4.8/5、Synthesia 4.7/5 共2000+评论，多来源及 Synthesia 官网自述）","https://www.g2.com","https://www.g2.com/products/heygen/reviews（标准产品页 URL；curl 403 为 Cloudflare 反爬，浏览器可访问）","Semrush Authority Score 67（2026-07）；反向链接2797万；Ahrefs DR 未查到；月访问量：Semrush 自然流量约124万/月（2026-07）；G2 自称年买家2亿","Review","YES","https://sell.g2.com（curl 200；新增产品 https://www.g2.com/products/new；厂商后台 my.g2.com）","免费 + 付费升级；价格：未公开，需联系销售（禁止猜）","能；优先级：高；提交方式：Vendor 邮箱注册后 Claim/Create Profile，在线提交产品资料；要求：需公司邮箱验证；产品须真实可访问；AI 视频类目可收录；资料经人工审核；理由：B2B 软件评论第一梯队；AI 视频竞品全部在站；高权重 dofollow/nofollow 混合外链与品牌锚文本；2026年已收购 Gartner Digital Markets"
"Synthesia；HeyGen（GDM 三站共享评论库，行业熟知）","https://www.capterra.com","https://www.capterra.com/search/?q=heygen（站内搜索；产品页为 /p/数字ID/ 形式，反爬未取得直链）","Semrush AS 未显示；Ahrefs DR 未查到；月访问量：Semrush 自然流量约52.7万/月、总访问约224万/月（2026-06/07，美国口径）","Review","YES","https://www.capterra.com/vendors/（curl 403 反爬；2026年起 GDM 厂商统一后台 app.g2digitalmarkets.com）","免费 + 付费升级；价格：未公开，按点击/线索计费","能；优先级：高；提交方式：Gartner Digital Markets 统一注册（公司邮箱），一次提交同步 Capterra/GetApp/Software Advice；要求：公司邮箱；产品已上线、有官网；AI 视频类目存在；三站评论自动同步；理由：Gartner/G2 系旗舰目录；收录即三站同步；搜索与 AI 引用曝光高"
"Synthesia；HeyGen（GDM 共享目录与评论）","https://www.getapp.com","https://www.getapp.com/search/heygen（站内搜索；直链反爬未取得）","Ahrefs/Semrush 权重分未显示；月访问量：Semrush 自然流量约29.8万/月（2026-07）","SaaS目录","YES","https://www.getapp.com/vendors/（curl 403 反爬；同 app.g2digitalmarkets.com 统一注册）","免费 + 付费升级；价格：未公开","能；优先级：高；提交方式：同 Capterra：GDM 统一 Vendor 注册；要求：公司邮箱；产品已上线；与 Capterra 同审核体系；理由：GDM 三站之一，欧洲/中小买家流量；一次入驻多站覆盖"
"Synthesia；HeyGen（GDM 共享）","https://www.softwareadvice.com","https://www.softwareadvice.com/（站内可检索；直链反爬未取得）","权重分未查到；月访问量：未查到精确月访问（GDM 三站中体量较小）","Review","YES","https://www.softwareadvice.com/vendors/（curl 403 反爬；GDM 统一后台 app.g2digitalmarkets.com）","免费 + 付费升级；价格：未公开","能；优先级：高；提交方式：GDM 统一 Vendor 注册/表单；要求：公司邮箱；产品已上线；GDM 同步审核；理由：GDM 三站同步收录的一环；顾问式导购线索质量高"
"Synthesia（对比页 elai-io-vs-synthesia-ai 搜索证实，产品 slug 为 synthesia-ai）","https://www.trustradius.com","https://www.trustradius.com/products/synthesia-ai/reviews（标准 URL；curl 403 反爬）","Semrush AS 49（2026-07）；反向链接217万；月访问量：Semrush 自然流量约12.8万/月、总访问约22.3万/月（2026-07）","Review","YES","https://www.trustradius.com/vendors（curl 403 反爬；Vendor 注册/claim 入口）","免费 + 付费升级；价格：未公开","能；优先级：高；提交方式：Vendor 邮箱注册并 claim 产品页；要求：公司邮箱验证（LinkedIn 认证评论者）；产品须真实 B2B 软件；适合企业级 AI 视频；理由：企业买家与技术决策者为主；评论在 BI/采购场景权重高"
"Synthesia（商业软件目录在库，$29起）","https://sourceforge.net","https://sourceforge.net/software/product/Synthesia/（WebFetch 200 实测）","Semrush AS 77（2026-07）；反向链接5577万；月访问量：Semrush 自然流量约565万/月、总访问约3636万/月（2026-07）；全球排名约1271","SaaS目录","YES","商业软件：https://sourceforge.net/software/vendors/new（Add Your Software）；开源项目：https://sourceforge.net/create/（curl 403 反爬，WebFetch 证实入口）","免费 + 付费升级；价格：价格未公开，表单询价","能；优先级：高；提交方式：Vendor 注册后在线提交产品；开源项目走 create 流程；要求：注册账号；商业软件需厂商信息；AI 视频类商业产品可收录；理由：流量巨大的老牌站；商业软件目录对 AI 工具收录积极；外链权重高"
"HN 上大量 Show HN AI 视频/AI 工具帖（Algolia 检索可证）","https://news.ycombinator.com","https://hn.algolia.com/?q=Show+HN+AI+video","DR 约 92（业界普遍引用值）；月访问量：未知（未实时核实）","Community","YES","规则页 https://news.ycombinator.com/showhn.html ；提交页 https://news.ycombinator.com/submit （本机网络无法直连 HN，规则经多个 HN 讨论帖交叉证实）","免费；价格：免费","能；优先级：高；提交方式：社区发帖：标题以 Show HN: 开头，正文讲制作背景，链接到可试用产品；要求：免费；规则：必须本人/本团队制作（不可代发他人项目）；标题格式 Show HN: 名称；必须能直接试用、尽量无注册/邮箱/信用卡门槛；禁止众筹页、博客、精选列表类；首条评论讲清背景与差异；禁止拉票刷票；详见 showhn.html 与 newsguidelines.html；理由：技术创始人核心阵地；首页命中可带数千高质量技术访客，B2B 开发者工具转化率高于 PH；零成本，值得认真写背景故事发一次"
"Products 区有大量 AI SaaS/工具产品页","https://www.indiehackers.com","https://www.indiehackers.com/products","DR 约 86（业界普遍引用值）；月访问量：未知","Community","YES","产品页 https://www.indiehackers.com/products/new ；发帖 https://www.indiehackers.com/new-post （首页 200，Products 区有 Add Yours）","免费；价格：免费；IH+ 付费订阅仅解锁深度访谈，不影响发帖","能；优先级：高；提交方式：注册后建产品页、发 milestone/进展帖参与讨论；要求：需注册；面向独立创始人/bootstrapper 社区；理由：独立创始人精准受众，适合 build-in-public 持续更新；产品页长期可索引；2026 年社区仍小时级活跃"
"HeyGen 等头部 AI 视频公司均有完整融资档案","https://www.crunchbase.com","https://www.crunchbase.com/organization/heygen","第三方列表 DA 91、dofollow；月访问量：未知（Similarweb 未核实，量级为千万级/月）","Startup目录","YES","https://www.crunchbase.com/add-overview（登录后添加公司/人物；bot 403 为登录墙）","免费 + 付费升级；价格：注册、建档、基础编辑免费；查看高级数据/部分分析功能需 Pro 订阅（价格未核实）","能；优先级：高；提交方式：注册账号后添加公司档案并编辑融资/团队等数据；要求：需注册；提交真实公司信息；编辑经审核/验证；重复档案会被合并；理由：最高权重公司数据库之一；档案对 SEO、可信度、投资人/媒体查证价值大，必做"
"r/artificial 成员 100 万+（deadsubs 2026-05）；r/aivideo 存在但未进 AI 子版前 12、成员数未知","https://www.reddit.com","https://www.reddit.com/r/aivideo/","Reddit 整站 DA 约 94/DR 100 级；月访问量：Reddit 全站 Q4 2025 DAU 1.214 亿（SQ Magazine 2026-04）；各子版访问量未知","Community","YES","r/SideProject https://www.reddit.com/r/SideProject/ ；r/aivideo https://www.reddit.com/r/aivideo/ ；r/artificial https://www.reddit.com/r/artificial/ ；版规示例 https://www.reddit.com/r/SideProject/about/rules ；全站政策 https://redditinc.com/policies/content-policy （本机无法直连 reddit，数据经搜索交叉证实）","免费；价格：免费","能；优先级：高；提交方式：社区发帖：在相关 subreddit 发 Show/分享帖（提交方式=社区发帖）；要求：需 Reddit 账号；各 sub 规则不同：普遍要求遵守 9:1 自我推广比例、禁硬广与刷票、r/SideProject 要求选 flair；新账号发帖易被删，建议先养号参与讨论；理由：AI 视频精准用户聚集地，真实反馈与病毒传播潜力大；但必须按社区规则软性分享、禁直接广告，值得投入"
"#showdev 标签下有大量开发者产品发布帖","https://dev.to","https://dev.to/t/showdev","DR 约 89（业界普遍引用值）；月访问量：未知（量级百万级/月，未实时核实）","Community","YES","写帖 https://dev.to/new（200）；Show DEV 标签 https://dev.to/t/showdev（200）；行为准则 https://dev.to/code-of-conduct","免费；价格：免费","能；优先级：高；提交方式：注册后写技术/产品介绍文章，打 #showdev 标签发布；要求：需注册；内容须为有实质技术内容的文章，纯广告/软文会被降权；遵守 Code of Conduct；理由：免费、Google 收录快、长尾 SEO 好；适合写 AI 视频产品的技术实现/教程文引流"
"AI 主题社区（artificial-intelligence）持续有技术文章","https://hashnode.com","https://hashnode.com/n/artificial-intelligence","DR 约 87（业界普遍引用值）；月访问量：未知","Community","YES","注册 https://hashnode.com/signup（200）后发文章；AI 社区 https://hashnode.com/n/artificial-intelligence","免费；价格：免费","能；优先级：高；提交方式：注册技术博客后写产品/技术文章，可绑定自定义域名；要求：需注册；技术向内容；可加入对应 Neighborhood 社区增加曝光；理由：免费技术博客社区、文章 SEO 表现好且支持自定义域名 dofollow；与 Dev.to 互补，适合技术长文"
"Runway；HeyGen；Synthesia","https://alternativeto.net","https://alternativeto.net/software/runway/","DR约90/DA约80（第三方Ahrefs/Moz类统计）；月访问量：约130万/月（Similarweb第三方口径）","Alternative","YES","https://alternativeto.net/about/add-app/ （注册后Add an app；机房IP返回403为反爬，站点2026年仍正常更新）","免费；价格：免费","能；优先级：高；提交方式：注册账号后提交软件：填名称/官网/许可/平台/标签，并把产品挂到Runway、HeyGen等竞品的alternatives关系下；要求：真实在售软件、官网有效、注明许可证与平台；用户投票推荐；禁止刷票；理由：权重高、alternatives页面长期占据竞品词排名、完全免费；关键是写清替代谁、对比场景"
"HeyGen；Synthesia；Pictory；Fliki；Colossyan等10款","https://unite.ai","https://www.unite.ai/best-ai-video-generators/","DR约76（第三方统计）；月访问量：月访百万级（精确值未知）","Listicle","YES","榜单 https://www.unite.ai/best-ai-video-generators/ ；联系入口 https://www.unite.ai/contact-us/","免费；价格：免费（pitch）","能；优先级：高；提交方式：通过contact表单pitch榜单更新（官网明确声明不接受unsolicited guest post）；要求：不接受主动投稿；仅可表单建议工具，编辑Alex McFarland自主评选；理由：AI垂直媒体、榜单2026-08-07刚更新、相关性极强；免费但接受率低"
"该文推荐3款Sora替代AI视频工具；另有Fliki、Adobe Firefly AI视频编辑器评测","https://www.techradar.com","https://www.techradar.com/ai-platforms-assistants/sora-is-gone-but-these-3-ai-video-tools-are-already-replacing-it","DR约94；月访问量：月访数千万级","Listicle","YES","证据文 https://www.techradar.com/ai-platforms-assistants/sora-is-gone-but-these-3-ai-video-tools-are-already-replacing-it （200）；投稿/线索走作者页与About编辑邮箱","免费；价格：免费","能；优先级：高；提交方式：向对应作者/编辑发tip邮件pitch工具测评或榜单；要求：需强新闻点、编辑独立测评、不接受付费发文；理由：顶级权重媒体、单条链接价值极高；目前无固定best AI video generator榜单，pitch难度高"
"持续报道AI视频工具（Midjourney Video、Sora等）","https://www.tomsguide.com","https://www.tomsguide.com/ai/midjourneys-video-generator-is-behind-the-competition-heres-why-i-love-it-anyway","DR约93；月访问量：月访数千万级","Listicle","YES","About页 https://www.tomsguide.com/about-us （200）；AI视频报道 https://www.tomsguide.com/ai/midjourneys-video-generator-is-behind-the-competition-heres-why-i-love-it-anyway","免费；价格：免费","能；优先级：高；提交方式：通过编辑新闻线索/tip邮箱pitch；要求：需新闻价值、不接受guest post；理由：权重极高；注意原/best/best-ai-video-generators类榜单URL现已404下架，建议从新闻/测评角度切入，难度高"
"平台有大量Runway/Sora/AI视频工具技术文章","https://hackernoon.com","https://hackernoon.com","DR约90；月访问量：月读者300万+（官网口径）","Media","YES","https://contribute.hackernoon.com （投稿管线；反爬403，站点正常）","免费；价格：免费","能；优先级：高；提交方式：注册后在线编辑器写作并提交，编辑约3个工作日审核；要求：技术专长或独特观点、自有版权、披露利益关系、填8个标签；非独家许可；理由：免费投稿、可带产品链接、DR高且被AI搜索大量引用；内容须有技术深度、不能是软广"
"Synthesia；InVideo；CapCut","https://www.futurepedia.io","https://www.futurepedia.io/tool/synthesia（curl 200实测）；/tool/invideo 200","DA 72（BestAITools 2026-05统计）；月访问量：约51.9万/月（BestAITools 2026-05统计）","AI目录","YES","https://www.futurepedia.io/submit-tool（curl 200实测）","付费；价格：无免费档；Basic $247一次性（页面显示已售罄）；Verified $497一次性、2个工作日内发布（提交页2026-08实查）；企业套餐定制","能；优先级：中；提交方式：在线表单；要求：编辑审核；产品需已上线；收录后可更新（/update-a-tool）；理由：DA72权重高、视频竞品齐全（225个视频工具）；但$497一次性且无免费档、成本高ROI存疑；预算充足再投Verified"
"未知","https://www.therundown.ai/tools","未知","DA 46（BestAITools 2026-05统计）；月访问量：约43.5万/月（BestAITools 2026-05统计）","AI目录","YES","未找到公开提交入口（tools页200但列表JS渲染；无Submit按钮，仅有/advertise-with-us广告页及support@therundown.ai邮箱）","未知；价格：种子标注免费（BestAITools 2026-05），但无公开自助提交页；广告合作价未知","能；优先级：中；提交方式：邮件联系/广告合作（旧目录supertools.therundown.ai已合并至此）；要求：需邮件洽谈；无表单要求可查；理由：流量大、newsletter品牌强；但无自助提交入口、收录不可控；建议发邮件自荐或谈广告，优先级低于可自助提交的站"
"未知","https://www.insidr.ai/ai-tools/","https://www.insidr.ai/ai-tools/ai-video-generators/（分类页curl 200，工具列表未渲染）","DA 48（BestAITools 2026-05统计）；月访问量：约27万/月（BestAITools 2026-05统计）","AI目录","YES","https://www.insidr.ai/submit-tools/（curl 200实测，在线表单）","免费 + 付费升级；价格：免费提交（BestAITools 2026-05标注Free）；另有Promote推广位（价格未公示）","能；优先级：中；提交方式：在线表单；要求：表单提交工具信息；人工编辑审核；站方称500+工具78分类每周更新；理由：免费表单可直接投、视频分类真实存在；DA48中等；零成本建议提交，竞品是否在列需浏览器确认"
"HeyGen（视频分类内）","https://bestofai.com","https://bestofai.com/tool/heygen（curl 200实测）","DA 44（BestAITools 2026-05统计）；月访问量：约22.6万/月（BestAITools 2026-05统计）","AI目录","YES","https://bestofai.com/sponsor（curl 401=需Clerk账号登录）；首页Submit a Tool按钮登录后添加工具","免费 + 付费升级；价格：免费提交工具（首页实见Submit a Tool）；Sponsor赞助位$250/月（首页实查）；BestAITools标注$29疑为一次性推荐位","能；优先级：中；提交方式：注册账号后在线提交；要求：需注册登录（Clerk）；工具名/URL/描述；赞助另付费；理由：免费收录且HeyGen已在列、视频分类明确；流量中等；免费提交值得做，$250/月赞助位不建议"
"Synthesia；VEED；PixVerse","https://aimojo.io","https://aimojo.io/tools/synthesia/（curl 200实测）；/tools/veed/ 200","DA 45（BestAITools 2026-05统计）；月访问量：约20.8万/月（BestAITools 2026-05统计）","AI目录","YES","https://aimojo.io/submit/（curl 200实测）","付费；价格：Essential $79一次性；Verified $149一次性；承诺24小时上线、拒登全额退款（提交页2026-08实查）","能；优先级：中；提交方式：在线表单；要求：填工具URL/名称/描述/分类/Logo（可选）/联系方式；PayPal/Wise/加密货币付款；人工质检；理由：视频竞品Synthesia/VEED已收录、价格透明、24h出链且拒登退款；DA45外链价值中等；$79可试Essential档"
"Pictory；D-ID；Colossyan；Renderforest（视频分类23个工具）","https://ai-hunter.io","https://ai-hunter.io/video-generator/（curl 200实测）","DA 18（BestAITools 2026-05统计）；月访问量：约19.1万/月（BestAITools 2026-05统计）","AI目录","YES","https://ai-hunter.io/submit-a-tool/（curl 200实测；注意旧路径/submit报500）","免费 + 付费升级；价格：免费提交（审核约1-2周，页面实查）；Fast Submission<24h付费加急（价格未公示）","能；优先级：中；提交方式：在线表单；要求：表单填姓名/邮箱/工具名/网址/分类/定价模式/原创描述；邮件通知结果；无反向链接要求；理由：完全免费且视频分类收录活跃、月访问19万；但DA仅18外链SEO价值低，价值主要在导流；零成本可投"
"HeyGen；Runway；Synthesia；VEED；InVideo（抓取实列于视频/头像视频分类）","https://aichief.com","https://aichief.com/ai-video-tools/（视频分类页，爬虫403但WebFetch实见）","DA 52（BestAITools 2026-05统计）；月访问量：约18.6万/月（BestAITools 2026-05统计）","AI目录","YES","https://aichief.com/submit-ai-tool/（WebFetch抓取导航实见；curl对该站403反爬）","免费 + 付费升级；价格：免费收录（提交页存在）；Featured/测评位付费（价格未公示；BestAITools标注$30）","能；优先级：中；提交方式：在线表单（另有/advertise/付费推广）；要求：提交工具信息；人工审核；站方称1.17万工具611分类；理由：DA52尚可、免费收录、HeyGen/Runway等视频竞品齐全；零成本建议浏览器提交；付费Featured价格需询"
"Runway","https://opentools.ai","https://opentools.ai/tools/runway （curl 200，标题Runway Review, Pricing & Alternatives）","DA68（BestAITools 2026-05 统计）；月访问量：127K（BestAITools 2026-05 统计）","AI目录","YES","https://opentools.ai/friends/launch-tool （curl 200）","付费；价格：未知（付费Launch：首页Featured 4天+Twitter 2.4万粉/LinkedIn推送+永久dofollow；价格需登录，禁止猜测）","能；优先级：中；提交方式：注册账号后申请付费Launch活动（页面JS渲染）；要求：需账号与产品上线；以营销活动形式售卖，非普通免费收录；理由：DA68、竞品页质量高且带评论体系，但提交为不透明付费活动，建议联系询价比价后再定"
"Sora/InVideo/CapCut","https://toolpilot.ai","https://www.toolpilot.ai/collections/video-3d （分类页curl 200，含Sora/InVideo/CapCut；竞品详情页为JS渲染未直接取到）","DA77（BestAITools 2026-05 统计）；月访问量：105K（BestAITools 2026-05 统计）","AI目录","YES","https://www.toolpilot.ai/pages/submit-your-ai-tool （curl 200）","免费 + 付费升级；价格：免费但强制回链；付费Featured价格页未公开具体数字，未知","能；优先级：中；提交方式：在线表单（免费档需先放置反向链接徽章再提交）；要求：免费收录必须在己方网站放置ToolPilot徽章/Logo并回链；另设付费Pricing Table；理由：DA77高权重，但免费档强制反向链接，需评估我方是否愿意加徽章后提交"
"Runway","https://aitools.fyi","https://aitools.fyi/runway （curl 200，标题Runway Pricing, Reviews, Alternatives）","DA47（BestAITools 2026-05 统计）；月访问量：82K（BestAITools 2026-05 统计）","AI目录","YES","https://aitools.fyi/submit → https://tally.so/r/2EkV4g?ref=boostmytool.com （Tally表单，curl 200）","付费；价格：$30（BestAITools 2026-05 统计，表单为付费收录网络）","能；优先级：中；提交方式：第三方Tally在线表单（BoostMyTool目录网络）；要求：按BoostMyTool网络统一要求：产品上线、URL/描述/Logo；付费后网络内多站同步收录；理由：$30低价且一次提交可进目录网络，竞品页结构完整，预算允许可投"
"未知","https://www.aitoolnet.com","未确认（Cloudflare 403拦截核查，搜索仅见popular列表页 https://www.aitoolnet.com/popular/861）","DA58（BestAITools 2026-05 统计）；月访问量：57K（BestAITools 2026-05 统计）","AI目录","YES","https://aitoolnet.com/submit（路径存在但 Cloudflare 对机房 IP 返回 403，浏览器可访问；第三方 SubmitAI 目录标注 Paid）","付费；价格：约$10（BestAITools 2026-05 统计，未能实测验证）","能；优先级：中；提交方式：未知（据种子数据为付费提交，本站无法验证）；要求：未知（无法访问；预计需产品资料与在线付费）；理由：DA58、价格低，但反爬严格导致提交入口与竞品均无法核实，建议换网络环境人工复核后再付"
"Synthesia","https://aitoolly.com","https://aitoolly.com/product/synthesia （curl 200；另收录Kling-4、Hailuo）","DA67（BestAITools 2026-05 统计）；月访问量：31K（BestAITools 2026-05 统计）","AI目录","YES","https://aitoolly.com/submit （curl 200）","付费；价格：Listing $49.99一次性；Listing+英文发布视频$69.99（2026-08实查；种子$19.99已涨价）","能；优先级：中；提交方式：在线表单+Stripe结账（多语言站）；要求：需工具名/分类/产品URL/英文编辑介绍；Stripe付款后发布；理由：DA67不错且多语言、视频竞品收录正规，但月访仅31K且涨价至$49.99，优先级中等"
"InVideo AI","https://aistage.net","https://aistage.net/tool/invideo-ai （sitemap.xml列出；本机curl 403，页面真实存在）","DA73（BestAITools 2026-05 统计）；月访问量：21K（BestAITools 2026-05 统计）","AI目录","YES","https://aistage.net/submit （导航含Submit与Pricing；本机IP被WAF拦截返回403，首页curl 200）","付费；价格：$10（BestAITools 2026-05 统计，未能实测）","能；优先级：中；提交方式：在线表单（具体字段被WAF遮挡，预计需邮箱）；要求：未知（WAF拦截）；站点正常运营、sitemap含大量工具页；理由：DA73高、提交费仅约$10，但流量21K且提交页被反爬遮挡，建议人工浏览器提交"
"未知","https://woy.ai","未知","DA62（BestAITools 2026-05 统计）；月访问量：未知（种子未给月访）","AI目录","YES","https://woy.ai/submit （curl 200）","免费；价格：免费（页面无付费门槛；另有Pricing页为推广位，价格未知）","能；优先级：中；提交方式：极简在线表单（仅网站名/URL，可登录）；要求：无需注册即可填站名+URL提交；资料要求极低；理由：免费、DA62、提交只需10秒，零成本顺手提交"
"未知","https://www.showmebest.ai","未确认（竞品详情页无法实测；索引样本 https://www.showmebest.ai/ai-tools/getridley-com）","DA74（BestAITools 2026-05 统计）；月访问量：未知（种子未给月访）","AI目录","YES","https://www.showmebest.ai/submit （导航有Submit入口；本机被Cloudflare拦截403，搜索证实站点2026年仍在更新）","免费；价格：免费（BestAITools 2026-05 统计，未能实测）","能；优先级：中；提交方式：未知（预计在线表单；ShipFast搭建，支持多语言）；要求：未知（Cloudflare拦截）；搜索可见其/ai-tools/详情页正常收录；理由：DA74且免费值得投，但需用真实浏览器环境提交与复核"
"未知","https://submitaitools.org","未知","DA73（BestAITools 2026-05 统计）；月访问量：未知（种子未给月访）","AI目录","YES","https://submitaitools.org/verify/submit/ （curl 200，先过颜色点选人机验证）","免费；价格：免费（页面无收费项；BestAITools种子标注免费）","能；优先级：中；提交方式：WordPress站内表单（人机验证后填写）；要求：需通过颜色验证；填写工具名/URL/描述；WordPress审核；理由：DA73、免费、提交简单，虽竞品大厂少但外链价值在，建议提交"
"Kling（首页见Kling AI Avatar，另有Seedance等视频工具）","https://allinai.tools","未知","DA70（BestAITools 2026-05）；月访问量：月访问约9K（BestAITools）","AI目录","YES","https://allinai.tools/pricing （首页Submit Tool按钮指向该页；2026-08-22访问返回HTTP 500，建议稍后重试）","免费 + 付费升级；价格：未知（/pricing今日500，无法核实）","能；优先级：中；提交方式：在线表单（页面故障未能核实字段）；要求：未知（提交页服务器错误）；理由：DA70权重高且免费；但月访问仅约9K、提交页当天500故障，需改日重试确认"
"JS渲染无法核验，未知","https://stratup.ai/en/ais","未知","DA36（BestAITools 2026-05）；月访问量：月访问约66K（BestAITools）","AI目录","YES","https://stratup.ai/en/submit-tool（实测200）","付费；价格：$30（BestAITools标注$$30，一次性；页面动态渲染未直接核验）","能；优先级：中；提交方式：在线表单（站点为JS渲染，登录后提交）；要求：账号登录；具体字段未核验；理由：月访问66K为这批目录中较高；$30一次性费用低；但付费收录、竞品情况未能核验"
"HeyGen、CapCut、InVideo AI、VEED、OpusClip等86个视频工具","https://www.videaitools.com","https://www.videaitools.com/sites/heygen（实测200）","DA4.8（BestAITools 2026-05）；月访问量：月访问约5.9K（BestAITools）","AI目录（视频垂直）","YES","未找到公开提交表单；页脚Contact指向X(Twitter)私信 https://x.com/pabloschz_","未知","能；优先级：中；提交方式：X/Twitter私信联系（无表单、无邮箱公示）；要求：未知；站点为affiliate评测模式，收录可能需商务合作；理由：AI视频垂直目录、与Reference-to-Video产品相关性最高；但DA/流量低、无公开提交入口，以导流affiliate合作为主"
"HeyGen、Synthesia（页面抓取确认）","https://listedai.co","https://www.listedai.co/ai-tools?category=video-generator（视频分类页，实测200；工具详情页为JS渲染未取到直链）","DA11（BestAITools 2026-05）；月访问量：月访问约21K（BestAITools）","AI目录","YES","https://www.listedai.co/submit（域名301至www.listedai.co，实测200）","免费；价格：免费","能；优先级：中；提交方式：在线表单；要求：工具名、官网URL、公司邮箱（必填）；短描述≤220字符；可选社交链接/定价/标签；无需反链；理由：完全免费、流量21K尚可；DA仅11，外链价值有限，适合引流"
"WAF拦截无法核验，未知","https://tooldirectory.ai","未知","DA47（BestAITools 2026-05）；月访问量：月访问约14K（BestAITools）","AI目录","YES","https://tooldirectory.ai/sign-in（注册登录后提交；本机IP被站点WAF拦截返回403，浏览器可正常访问）","未知","能；优先级：中；提交方式：注册账号后在线提交；要求：需注册账号；其余未核实（WAF 403）；理由：DA47为中高权重、月访14K；但机房IP被403、费用未知，需用本机浏览器登录后核实提交页与价格"
"设Video Generator/Text-to-Video/Video Editing等分类","https://www.aiwizard.ai/aitools","https://www.aiwizard.ai/categories/video-generator（分类页实测200；工具页JS渲染未取到直链）","DA17（BestAITools 2026-05）；月访问量：月访问约2.6K（BestAITools）","AI目录","YES","https://www.aiwizard.ai/submit（实测200，实际跳转/submit-new，需登录账号）","未知；价格：未知（价格登录后可见，页面未公示）","能；优先级：中；提交方式：注册登录后提交；编辑精选制（Curated, not scraped）；要求：需注册登录；经编辑审核，收录标准较严；理由：编辑精选目录、收录质量与口碑较好；但需登录、审核严、费用未公示，建议注册后试投"
"HeyGen（含 pricing 子页）","https://www.saasworthy.com","https://www.saasworthy.com/product/heygen（搜索结果直链；curl 429 限流）","权重分未查到（Semrush 无数据页；旧 Alexa 约2.4万名系陈旧数据）；月访问量：未查到可靠近期月访问","SaaS目录","YES","https://www.saasworthy.com/submit（curl 429 为限流反爬，站点活跃；产品页正常收录）","免费 + 付费升级；价格：未查到","能；优先级：中；提交方式：在线提交产品表单；要求：注册/表单提交；需产品官网；AI 视频类目可收录；理由：SaaS 目录收录门槛低、出链快；HeyGen 已在站证明类目匹配"
"站内搜索 HeyGen/Synthesia/VEED 均为0结果，目录较小且更新慢（不排除分类未覆盖）","https://crozdesk.com","未取得（https://crozdesk.com/search?q=synthesia 显示0结果）","Semrush AS 48（2026-07）；反向链接87万；月访问量：Semrush 自然流量约11.3万/月、总访问约13.4万/月（2026-07）","SaaS目录","YES","https://vendor.revleads.com/user/signup（curl 200；Crozdesk 厂商后台已迁至 RevLeads，官网文案 Apply for a free listing）","免费 + 付费升级；价格：未公开","能；优先级：中；提交方式：Vendor 注册邮箱后在线申请 listing；要求：厂商邮箱；产品信息；人工审核；理由：免费且申请简单；权重中等可作外链布局；但竞品缺失需注意类目匹配"
"搜索与站内均未证实 Synthesia/HeyGen 页面（Serchen 强项在主机/通信/HR 类目）","https://www.serchen.com","未知","权重分未查到；月访问量：未查到可靠月访问","SaaS目录","YES","https://www.serchen.com/list-your-company/（curl 403 反爬；List your company 标准入口）","免费 + 付费升级；价格：未查到","能；优先级：中；提交方式：在线表单/注册提交公司与产品；要求：公司信息+产品官网；人工审核；理由：免费 B2B 目录、外链价值尚可；建议先确认有 AI Video 类目再提交"
"反爬未验证；平台以服务商目录为主，另设 software product 目录","https://www.goodfirms.co","未取得（候选 https://www.goodfirms.co/product/ 路径反爬）","权重分未显示；月访问量：Semrush 自然流量约13.7万/月（2026-07，美国口径）","B2B服务商目录","YES","https://www.goodfirms.co/apply（curl 403 反爬；List Your Company 官方申请页）","免费 + 付费升级；价格：未公开","能；优先级：中；提交方式：注册公司账号并提交 profile/产品；要求：公司邮箱；公司信息与产品/服务资料；人工审核；理由：免费高权重 B2B 目录；软件产品亦可建 profile；印度/全球 SEO 曝光"
"Clutch 收录服务商而非软件产品；未见 HeyGen/Synthesia 类产品页","https://clutch.co","未知","权重分未显示；月访问量：Semrush 自然流量约82.7万/月（2026-07）","B2B服务商目录","YES","https://clutch.co/get-listed（WebFetch 经官网证实为官方 Get listed CTA）","免费 + 付费升级；价格：未公开","能；优先级：中；提交方式：注册账号创建公司 profile；要求：公司邮箱+公司信息；主打服务型公司（代理商/服务商），纯 SaaS 产品匹配度低；理由：权重与流量高、免费；可建公司主体 profile 获取权威外链，产品曝光非其强项"
"反爬限流未验证（开发者社区，AI 视频类工具收录不确定）","https://stackshare.io","未取得（候选 https://stackshare.io/heygen 反爬）","权重分未显示；月访问量：Semrush 自然流量约1.79万/月、总访问约22万/月（2026-06）","Developer Directory","YES","https://stackshare.io/tools/new（curl 429 限流反爬；Add a tool 标准入口）","免费 + 付费升级；价格：未公开","能；优先级：中；提交方式：注册账号后社区/厂商添加工具页；要求：账号注册；工具/SaaS 须有官网；社区可编辑；理由：开发者受众与技术栈外链；免费；AI 视频产品偏受众错配，价值中等"
"反爬未取得直链；同印度市场的 TechJockey 已确认 HeyGen/Synthesia，本站类目相似","https://www.softwaresuggest.com","未取得（候选 https://www.softwaresuggest.com/synthesia 反爬）","权重分未查到；月访问量：未查到可靠月访问","Review","YES","https://www.softwaresuggest.com/list-your-software（curl 403 反爬；List Your Software 官方入口）","免费 + 付费升级；价格：未公开","能；优先级：中；提交方式：Vendor 在线表单/注册提交；要求：公司邮箱；产品资料与定价；印度团队人工电话/邮件审核；理由：印度及英语市场免费目录；提交后常有销售跟进确认，外链值得布局"
"HeyGen（$29起）；Synthesia（₹999起）；Pictory/Runway ML/Elai 等","https://techjockey.com","https://www.techjockey.com/detail/heygen（WebFetch 200 实测）","Semrush AS 49（2026-07）；反向链接14万；月访问量：Semrush 自然流量约24.9万/月、总访问约46万/月（2026-07；印度占71%）","SaaS目录","YES","https://esellerhub.techjockey.com（curl 200；官网 Become a Seller 入口）","免费 + 付费升级；价格：抽佣比例未公开","能；优先级：中；提交方式：Seller 注册→提交公司资料→邮箱验证→上架产品；要求：公司资料与营业执照类信息；产品须已上线；印度市场定价；理由：印度最大软件市场之一；AI 视频竞品齐全；产品页带外链与比价曝光"
"站内搜索参数未成功、AI video 分类 URL 404；Synthesia 为欧洲公司理论上应在库，未证实","https://www.appvizer.com","未知","权重分未查到；月访问量：未查到可靠月访问","SaaS目录","YES","厂商后台 https://i.app.appvizer.com/login（官网 footer Software vendors 入口；curl 连接受限但为官方链接）","免费 + 付费升级；价格：未公开","能；优先级：中；提交方式：Publisher/Vendor 账号注册后提交产品；要求：厂商邮箱；产品资料；欧洲目录人工编辑审核；理由：欧洲（法/德/西/意）头部 SaaS 目录；免费建页；建议人工浏览器确认竞品后提交"
"与 SourceForge 共享商业软件目录（Synthesia 在库）","https://slashdot.org","https://slashdot.org/software/（目录页；Synthesia 产品页与 SF 同构，curl 403 反爬）","Semrush AS 56（2026-07）；反向链接6394万；月访问量：Semrush 自然流量约21.5万/月、总访问约211万/月（2026-07）","Review","YES","软件目录 https://slashdot.org/software/；Add Your Software 跳转 https://sourceforge.net/software/vendors/new（与 SourceForge 同一提交入口，Slashdot Media 集团）","免费 + 付费升级；价格：未公开","能；优先级：中；提交方式：复用 SourceForge Vendor 注册/表单；要求：同 SourceForge；一次提交两处曝光；理由：老牌科技媒体权重极高；虽提交入口与 SourceForge 共用，产品可在 slashdot.org/software 独立获曝光与外链"
"未知","https://betalist.com","未知","第三方目录列表（2026-01）DA 68、dofollow；月访问量：未知（未实时核实）","Product Launch","YES","https://betalist.com/submit（HTTP 200，登录后显示表单）；规则见 /faq、价格见 /advertise","付费；价格：官方 FAQ 明确所有提交均付费、已取消免费通道；Boost $99/周起、$199/月；Sponsorship $4,999/月；表单末尾显示当期价格","能；优先级：中；提交方式：注册登录后在线提交 startup，编辑审核收录；要求：需注册登录；收录 pre-launch（内测/waitlist）及近期上线 startup；要求清晰价值主张、设计良好、有创新性；理由：适合未上线/内测阶段攒 waitlist 的 AI 视频产品；dofollow 外链与早期用户邮件渠道有价值；但已无免费档，$99 起需评估 ROI"
"首页最新收录含大量 AI 项目：Kanu AI、Sidekick、Mnemosphere AI 等","https://www.launchingnext.com","https://www.launchingnext.com/","第三方目录列表（2026-01）DA 55、dofollow；月访问量：未知","Product Launch","YES","https://www.launchingnext.com/submit/（curl/WebFetch 被 Cloudflare 403 拦截；搜索索引证实站点活跃，已收录 44,811 家 startup）","免费；价格：基础提交免费（TinyStartups 2026 名录标 Free）；付费推荐位存在但价格无法核实=未知","能；优先级：中；提交方式：在线表单提交 startup，编辑筛选后上首页/日报；要求：需提交项目信息；是否必须注册未核实（提交页被拦截）；理由：免费+dofollow 外链，提交成本低；平台 2026 年仍在日更 AI 项目，适合顺手铺量"
"SpikApp 等项目 2026-05 仍在 Peerlist launch 并获社区互动","https://peerlist.io","https://peerlist.io/scroll/post/ACTHOK8NKPRALQJ8A1AKO8L6OMJ7GN","DR 约 70+（未实时调取）；月访问量：未知","Community","YES","注册后在个人 Profile 创建 Project（Project Spotlight）并发布 launch 动态，如 peerlist.io/用户名/project/项目名；登录 https://peerlist.io/login （403 为人机拦截）","免费；价格：免费","能；优先级：中；提交方式：建职业档案后创建 project 页+社区 launch 帖；要求：需注册并完善职业 profile；可绑定 GitHub/Dribbble/Product Hunt 等验证工作经历；面向 tech 从业者；理由：免费项目页可被 Google 索引、与创始人职业身份绑定背书；tech 从业者社区反馈质量高"
"2026 年仍有新项目上架，含 Qenali AI 等 AI 项目","https://www.sideprojectors.com","https://www.sideprojectors.com/","第三方列表 DA 52、dofollow；月访问量：未知","Community","YES","https://www.sideprojectors.com/project/create（HTTP 200）","免费；价格：基础提交与浏览免费；高级展示位付费但价格未公示=未知","能；优先级：中；提交方式：注册后列出项目：展示作品/找联创/出售项目三种类型；要求：需注册；填项目指标、收入、技术栈、截图演示；团队审核质量；理由：免费可顺手建项目页+dofollow；但平台定位是项目买卖/找联创，推广引流价值较低"
"目录含 ShotLab、Speechdub 等 AI 工具；官网称 85,000+ makers","https://www.uneed.best","https://www.uneed.best/","第三方列表 DA 48；官网自称 DR75 dofollow（与第三方差距大，存疑）；月访问量：官网自称 709,519 visits、2,267,149 PV（标注 2026，统计口径不明）","Product Launch","YES","https://www.uneed.best/submit-a-tool ；价格页 https://www.uneed.best/pricing （注意：旧域名 uneed.com 已 301 至无关中文站 yuni.com.cn，平台已迁至 uneed.best）","付费；价格：免费排队已对新品关闭；Fast-track $14.99（约 14 天排期）；Skip the Line $29.99 自选日期；Pro 会员 $99/年；Relaunch $15；公开评测 $147","能；优先级：中；提交方式：注册后提交产品；免费排队已关闭，付费 fast-track/选日上线；要求：需注册 maker 账号；产品资料与截图；理由：$14.99 fast-track 成本低、可获 dofollow 与社区反馈；AI 工具类目活跃，值得一试"
"平台设 AI 公司分类，大量 AI 企业档案（URL 为标准分类路径，未直连核实）","https://www.f6s.com","https://www.f6s.com/companies/artificial-intelligence","第三方列表 DA 63、dofollow；月访问量：未知","Startup目录","YES","注册后建公司 Profile（https://www.f6s.com/company/new 为登录墙，bot 403）","免费；价格：免费","能；优先级：中；提交方式：注册公司/产品档案页，可顺带申请加速器与项目；要求：需注册；填写真实公司/产品信息；理由：免费高权重公司档案+dofollow；兼具加速器/基金/人才生态，对公司可信度与 SEO 均有帮助"
"未知","https://www.failory.com","未知","DR 约 70（未实时调取）；月访问量：未知","Media","YES","未找到公开产品提交入口：/submit-startup 返回 404；/contribute（HTTP 200）为投稿口；采访申请可邮件 nico@failory.com","免费；价格：免费（媒体报道，非收费收录）","能；优先级：中；提交方式：邮件/投稿 pitch 创始人采访或失败/增长复盘故事，编辑选稿；要求：需有真实创业故事（失败复盘/增长案例）；编辑筛选，无固定周期；理由：免费媒体曝光+backlink，但入选靠故事性、不确定性高；建议有复盘素材时再 pitch，不作为目录提交"
"Runway等AI视频工具","https://www.saashub.com","https://www.saashub.com/runway-alternatives","DR约40-71（不同第三方工具口径差异大）；月访问量：约30万/月（SubmitAI/Similarweb口径，另有160万口径）","Alternative","YES","https://www.saashub.com/submit （官网Submit页；反爬返回403，站点正常）","免费 + 付费升级；价格：免费提交；官网另有Featured Product Listing约$99/月","能；优先级：中；提交方式：在线表单提交产品，人工审核后进入目录与alternatives页；要求：产品官网、一句话定位、分类标签；人工审核；理由：免费、alternatives页有长尾排名；权重一般，作为外链拼图"
"日常报道AI新工具（Runway/生成式视频类）","https://www.bensbites.com","https://www.bensbites.com","DR未知；月访问量：订阅约16-17万（newsletterinsights 2026）","Newsletter","YES","https://www.bensbites.com/about （无公开advertise页，/advertise已404；通过About页/Substack邮件洽谈）","付费；价格：未知（官网无公开报价需询价；网传$1200-2000/位未经证实）","能；优先级：中；提交方式：邮件联系创始人洽谈赞助或工具推荐位；要求：按newsletter赞助惯例提供文案与UTM；具体邮件洽谈；理由：Ben Tossell个人背书强、AI创业者受众精准；付费ROI不确定，建议先询价小额测试，评中"
"AI工具广告主密集，受众为AI/技术从业者","https://tldr.tech/ai","https://tldr.tech/ai","DR约88；月访问量：TLDR AI订阅约50万-100万；全矩阵700万+","Newsletter","YES","https://advertise.tldr.tech/sponsorship-opportunities （官网赞助页，反爬403但真实存在）","付费；价格：未知（AI版单期价官网动态展示本次未抓取到；媒体报道TLDR矩阵顶级广告位最高约$3万/天，非AI版单价不可套用）","能；优先级：中；提交方式：官网赞助页选择TLDR AI版位并预约排期；要求：广告文案合规、提前预约排期；理由：技术决策者受众、打开率约40%、工具发现心智强；价格高需充足预算，评中"
"每日AI新闻+工具推荐","https://www.tryneuron.com","https://www.tryneuron.com","DR未知；月访问量：订阅约55万（官网/第三方2026口径）","Newsletter","YES","https://www.tryneuron.com/sponsor （HTTP 200已验证）","付费；价格：未知（官网未公开标价；2025年被TechnologyAdvice收购，赞助或走其广告体系）","能；优先级：中；提交方式：sponsor页表单预约赞助位；要求：见sponsor页要求；理由：AI工具发现导向、消费级AI受众多；付费ROI不确定评中"
"常设Generative AI/AI视频工具榜单与专题","https://www.analyticsinsight.net","https://www.analyticsinsight.net/write-for-us","DR约86；月访问量：月访百万级","Media","YES","https://www.analyticsinsight.net/write-for-us （HTTP 200已验证）","免费；价格：免费投稿（无稿费；禁广告文与联盟链接）","能；优先级：中；提交方式：邮件投稿至 submissions@analyticsinsight.net ，标题格式Guest Post Submission: [标题]；要求：800字以上（1000-1200最佳）、100%原创未发表、配图宽1200px+、附作者bio；理由：明确接受AI主题guest post、权重较好、可带bio链接；正文不能硬推产品，以教程/趋势文切入"
"Sora；Runway；即梦；可灵","https://openi.cn","https://openi.cn/favorites/10085.html","未知；月访问量：未知","AI目录（中文）","YES","https://openi.cn/addnewsite","免费；价格：免费","能；优先级：中；提交方式：在线表单；要求：提交站点名称、链接、介绍等信息，平台审核后收录；设有 AI 视频工具分类；理由：中文 AI 产品情报与导航平台，免费提交审核收录，设有 AI 视频生成分类且已收录 Sora/Runway/即梦等竞品，可获得中文区曝光与外链"
"PixVerse 等 AI 视频工具","https://www.aihub.cn","未知","未知；月访问量：未知","AI目录（中文）","YES","https://www.aihub.cn/submit","免费；价格：免费","能；优先级：中；提交方式：在线表单；要求：注册/填写产品名称、链接、介绍与分类，平台审核收录；理由：中文 AI 工具导航，导航栏有明确的提交产品入口且免费，AI 视频工具分区已收录多款同类产品"
"未知","https://noonlaunch.com","未知","网站自称 DR 40；月访问量：未知","Product Launch","YES","https://noonlaunch.com/submit","免费 + 付费升级；价格：$11 一次性（Premium 插队）","能；优先级：中；提交方式：在线表单；要求：免费档需在官网放置一行 HTML 验证代码（带反向链接）；提供 Logo、标语、链接、分类；每周一上线；理由：新兴 Product Launch 平台，免费排队或 $11 一次性插队，宣称提供永久 dofollow 索引链接；免费档要求反向链接"
"未知","https://killerstartups.com","未知","未知；月访问量：未知","Startup目录","YES","https://killerstartups.com/submit-startup/","未知","能；优先级：中；提交方式：在线表单；要求：在线表单提交 startup 信息与故事；曾报道 Uber/Tinder，收录后曝光于 newsletter、出版物与社媒；价格页面未公示；理由：2007 年运营至今的老牌 startup 目录（累计审核 8.8 万+ 项目），提交表单真实可用，可获媒体/newsletter 曝光，价格需提交时确认"
